question_id,content,order
1,ア：カスタマイゼーション　　イ：環境　　ウ：直感的　　エ：ミス,1
1,ア：ノーマライゼーション　　イ：制度　　ウ：直感的　　エ：長時間利用,2
1,ア：ノーマライゼーション　　イ：環境　　ウ：直感的　　エ：ミス,3
1,ア：カスタマイゼーション　　イ：制度　　ウ：論理的　　エ：長時間利用,4
1,ア：ノーマライゼーション　　イ：環境　　ウ：論理的　　エ：長時間利用,5
2,ウ → イ → エ → ア,1
2,ア → ウ → イ → エ,2
2,ア → イ → ウ → エ,3
2,ウ → ア → イ → エ,4
2,ア → ウ → エ → イ,5
3,ア：正　　イ：正　　ウ：正　　エ：誤　　オ：誤,1
3,ア：誤　　イ：正　　ウ：正　　エ：正　　オ：誤,2
3,ア：誤　　イ：誤　　ウ：正　　エ：正　　オ：正,3
3,ア：正　　イ：誤　　ウ：誤　　エ：正　　オ：正,4
3,ア：正　　イ：正　　ウ：誤　　エ：誤　　オ：正,5
4,"\( x_1 = 0, x_2 = 5, -1 \leq \Delta c \leq \frac{5}{2} \)",1
4,"\( x_1 = 6, x_2 = 3, \Delta c \leq -1 \) または \( \frac{5}{2} \leq \Delta c \)",2
4,"\( x_1 = 6, x_2 = 3, -1 \leq \Delta c \leq 1 \)",3
4,"\( x_1 = 0, x_2 = 5, \Delta c \leq -1 \) または \( \frac{5}{2} \leq \Delta c \)",4
4,"\( x_1 = 6, x_2 = 3, -1 \leq \Delta c \leq \frac{5}{2} \)",5
5,ア：正　　イ：正　　ウ：誤　　エ：誤　　オ：誤,1
5,ア：誤　　イ：正　　ウ：正　　エ：誤　　オ：誤,2
5,ア：誤　　イ：誤　　ウ：正　　エ：正　　オ：誤,3
5,ア：誤　　イ：誤　　ウ：誤　　エ：正　　オ：正,4
5,ア：正　　イ：誤　　ウ：誤　　エ：誤　　オ：正,5
6,2,1
6,3,2
6,4,3
6,5,4
6,nに依らずシステムの信頼度は0.94未満であり、最小値は存在しない。,5
7,復号化によって元の情報を完全に復元でき、情報の欠落がない圧縮は可逆圧縮と呼ばれ、テキストデータ等の圧縮に使われることが多い。,1
7,復号化によって元の情報には完全には戻らず、情報の欠落を伴う圧縮は非可逆圧縮と呼ばれ、音声や映像等の圧縮に使われることが多い。,2
7,静止画に対する代表的な圧縮方式としてJPEGがあり、動画に対する代表的な圧縮方式としてMPEGがある。,3
7,データ圧縮では、情報源に関する知識（記号の生起確率など）が必要であり、情報源の知識が無い場合にはデータ圧縮することはできない。,4
7,可逆圧縮には限界があり、どのような方式であっても、その限界を超えて圧縮することはできない。,5
8,"\( f(x, y, z) = xy + z \)",1
8,"\( f(x, y, z) = \overline{x}y + \overline{yz} \)",2
8,"\( f(x, y, z) = xy + \overline{y}z \)",3
8,"\( f(x, y, z) = xy + \overline{xy} \)",4
8,"\( f(x, y, z) = xy + \overline{x}z \)",5
9,メール中のオンラインストレージのURLリンクを使用したファイルの受信は、正規のサービスかどうかを確認し、メールゲートウェイで検知する。,1
9,標的型攻撃への対策は、複数の対策を多層的に組合せて防御する。,2
9,あらかじめ組織内に連絡すべき窓口を設け、利用者が標的型攻撃メールを受信した際の連絡先として周知させる。,3
9,あらかじめシステムや実行ポリシーで、利用者の環境で実行可能なファイルを制限しておく。,4
9,擬似的な標的型攻撃メールを利用者に送信し、その対応を調査する訓練を定期的に実施する。,5
10," \( \text{ア}: (000110)_{2}, \quad \text{イ}: (000101)_{2} \)",1
10," \( \text{ア}: (011010)_{2}, \quad \text{イ}: (011001)_{2} \)",2
10," \( \text{ア}: (000111)_{2}, \quad \text{イ}: (000110)_{2} \)",3
10,"\( \text{ア}: (011001)_{2}, \quad \text{イ}: (011010)_{2} \)",4
10," \( \text{ア}: (011000)_{2}, \quad \text{イ}: (011001)_{2} \)",5
11,ア：25　　イ：52　　ウ：105,1
11,ア：25　　イ：52　　ウ：106,2
11,ア：26　　イ：52　　ウ：105,3
11,ア：26　　イ：53　　ウ：105,4
11,ア：26　　イ：53　　ウ：106,5
12,ア：45［ns］　　イ：2,1
12,ア：60［ns］　　イ：2,2
12,ア：60［ns］　　イ：5,3
12,ア：90［ns］　　イ：2,4
12,ア：90［ns］　　イ：5,5
13,"\( (-12, 0, 6) \) ",1
13,18,2
13,24,3
13,"\( (1, 15, 8) \) ",4
13,"\( (1, 5, 12) \)",5
14,6,1
14,"\( (4,8) \)",2
14,12,3
14,\( 4\sqrt{5} \),4
14,\( \sqrt{2} \),5
15,有限要素法において、要素分割を細かくすると、一般に近似誤差は大きくなる。,1
15,数値計算の誤差は、対象となる物理現象の法則で定まるので、計算アルゴリズムを改良しても誤差は減少しない。,2
15,浮動小数点演算において、近接する2数の引き算では、有効桁数が失われる桁落ち誤差を生じることがある。,3
15,テイラー級数展開に基づき、微分方程式を差分方程式に置き換えるときの近似誤差は、格子幅によらずほぼ一定値となる。,4
15,非線形現象を線形方程式で近似しても、線形方程式の数値計算法が数学的に厳密であれば、得られる結果には数値誤差はないとみなせる。,5
16,"\( \left(\frac{1}{4}, \frac{1}{5}, \frac{1}{3}\right), \left(\frac{1}{2}, 0, \frac{1}{2}\right) \)",1
16,"\( \left(\frac{1}{4}, \frac{1}{5}, \frac{1}{3}\right), \left(\frac{1}{3}, \frac{1}{3}, \frac{1}{3}\right) \)",2
16,"\( \left(\frac{1}{3}, \frac{1}{3}, \frac{1}{3}\right), \left(\frac{1}{2}, 0, \frac{1}{2}\right) \)",3
16,"\( \left(\frac{1}{3}, \frac{5}{12}, \frac{1}{4}\right), \left(\frac{1}{2}, 0, \frac{1}{2}\right) \)",4
16,"\( \left(\frac{1}{3}, \frac{5}{12}, \frac{1}{4}\right), \left(\frac{1}{3}, \frac{1}{3}, \frac{1}{3}\right) \)",5
17,\( f_A = f_B = f_C \),1
17,\( f_A > f_B > f_C \),2
17,\( f_A < f_B < f_C \),3
17,\( f_A = f_C > f_B \),4
17,\( f_A = f_C < f_B \),5
18,\[ v_b = \frac{A_b}{A_a} \sqrt{\frac{p_b - p_a}{\rho}} \],1
18,\[ v_b = \frac{A_a}{A_b} \sqrt{\frac{p_a - p_b}{\rho}} \],2
18,\[ v_b = \frac{1}{\sqrt{1 - \frac{A_b}{A_a}}} \sqrt{\frac{2(p_b - p_a)}{\rho}} \],3
18,\[ v_b = \frac{1}{\sqrt{1 - \frac{A_b}{A_a}}} \sqrt{\frac{2(p_a - p_b)}{\rho}} \],4
18,\[ v_b = \frac{1}{\sqrt{1 - \left(\frac{A_b}{A_a}\right)^2}} \sqrt{\frac{2(p_a - p_b)}{\rho}} \],5
19,メタン: \( \text{CH}_4 \) (16),1
19,エチレン: \( \text{C}_2\text{H}_4 \) (28),2
19,エタン: \( \text{C}_2\text{H}_6 \) (30),3
19,メタノール: \( \text{CH}_4\text{O} \) (32),4
19,エタノール: \( \text{C}_2\text{H}_6\text{O} \) (46),5
20,"（a, b）",1
20,"（a, c）",2
20,"（a, d）",3
20,"（b, c）",4
20,"（b, d）",5
21,密度：（ア）　　電気抵抗率：（ウ）　　融点：（オ）,1
21,密度：（ア）　　電気抵抗率：（エ）　　融点：（オ）,2
21,密度：（イ）　　電気抵抗率：（エ）　　融点：（ア）,3
21,密度：（ウ）　　電気抵抗率：（イ）　　融点：（ア）,4
21,密度：（ウ）　　電気抵抗率：（イ）　　融点：（オ）,5
22,\( \text{ア} : 2 \)　　\( \text{イ} : 12 \)　　\( \text{ウ} : a = \frac{4R}{\sqrt{3}} \),1
22,\( \text{ア} : 2 \)　　\( \text{イ} : 8 \)　　\( \text{ウ} : a = \frac{4R}{\sqrt{3}} \),2
22,\( \text{ア} : 4 \)　　\( \text{イ} : 12 \)　　\( \text{ウ} : a = \frac{4R}{\sqrt{3}} \)],3
22,\( \text{ア} : 4 \)　　\( \text{イ} : 8 \)　　\( \text{ウ} : a = 2\sqrt{2}R \),4
22,"\( \text{ア} : 4 \)　　\( \text{イ} : 12 \)　　\( \text{ウ} : a = 2\sqrt{2}R \)",5
23,3モル,1
23,4モル,2
23,6モル,3
23,8モル,4
23,12モル,5
24,DNAの熱変性では、2本鎖DNAの共有結合を切断して1本鎖DNAに解離させるために加熱を行う。,1
24,アニーリング温度を上げすぎると、1本鎖DNAに対するプライマーの非特異的なアニーリングが起こりやすくなる。,2
24,伸長反応の時間は増幅したい配列の長さによって変える必要があり、増幅したい配列が長くなるにつれて伸長反応時間は短くする。,3
24,耐熱性の高いDNAポリメラーゼが、PCR法に適している。,4
24,PCR法により増幅したDNAには、プライマーの塩基配列は含まれない。,5
25,ア：正　　イ：正　　ウ：誤　　エ：正　　オ：誤,1
25,ア：正　　イ：誤　　ウ：誤　　エ：正　　オ：正,2
25,ア：正　　イ：正　　ウ：正　　エ：誤　　オ：誤,3
25,ア：誤　　イ：誤　　ウ：正　　エ：正　　オ：正,4
25,ア：誤　　イ：正　　ウ：誤　　エ：誤　　オ：正,5
26,生物多様性の保全及び持続可能な利用に悪影響を及ぼすおそれのある遺伝子組換え生物の移送、取扱い、利用の手続等について、国際的な枠組みに関する議定書が採択されている。,1
26,移入種（外来種）は在来の生物種や生態系に様々な影響を及ぼし、なかには在来種の駆逐を招くような重大な影響を与えるものもある。,2
26,移入種問題は、生物多様性の保全上、最も重要な課題の1つとされているが、我が国では動物愛護の観点から、移入種の駆除の対策は禁止されている。,3
26,生物多様性条約は、1992年にリオデジャネイロで開催された国連環境開発会議において署名のため開放され、所定の要件を満たしたことから、翌年、発効した。,4
26,生物多様性条約の目的は、生物の多様性の保全、その構成要素の持続可能な利用及び遺伝資源の利用から生ずる利益の公正かつ衡平な配分を実現することである。,5
27,日本全体の最終エネルギー消費は2005年度をピークに減少傾向になり、2011年度からは東日本大震災以降の節電意識の高まりなどによってさらに減少が進んだ。,1
27,産業部門と業務他部門全体のエネルギー消費は、第一次石油ショック以降、経済成長する中でも製造業を中心に省エネルギー化が進んだことから同程度の水準で推移している。,2
27,1単位の国内総生産（GDP）を産出するために必要な一次エネルギー消費量の推移を見ると、日本は世界平均を大きく下回る水準を維持している。,3
27,家庭部門のエネルギー消費は、東日本大震災以降も、生活の利便性・快適性を追求する国民のライフスタイルの変化や世帯数の増加等を受け、継続的に増加している。,4
27,運輸部門（旅客部門）のエネルギー消費は2002年度をピークに減少傾向に転じたが、これは自動車の燃費が改善したことに加え、軽自動車やハイブリッド自動車など低燃費な自動車のシェアが高まったことが大きく影響している。,5
28,ア：30　　イ：コンバインド　　ウ：シェール,1
28,ア：20　　イ：コンバインド　　ウ：シェール,2
28,ア：20　　イ：再熱再生　　　　ウ：シェール,3
28,ア：30　　イ：コンバインド　　ウ：タイトサンド,4
28,ア：30　　イ：再熱再生　　　　ウ：タイトサンド,5
29,江戸時代に成熟していた手工業的な産業が、明治維新によって開かれた新市場において、西洋技術を取り入れながら独自の発展を生み出していった。,1
29,西洋の先進国で標準化段階に達した技術ー式が輸入され、低賃金の労働力によって価格競争力の高い製品が生産された。,2
29,日本工学会に代表される技術系学協会は、欧米諸国とは異なり大学などの高学歴出身者たちによって組織された。,3
29,工場での労働条件を改善しながら国際競争力を強化するために、テイラーの科学的管理法が注目され、その際に統計的品質管理の方法が導入された。,4
29,工業化の進展にともない、技術官僚たちは行政における技術者の地位向上運動を展開した。,5
30,イ → エ → ア → オ → ウ,1
30,イ → エ → オ → ウ → ア,2
30,イ → オ → エ → ア → ウ,3
30,エ → イ → オ → ア → ウ,4
30,エ → オ → イ → ア → ウ,5
31,ア：義務　　イ：公益　　ウ：責務　　エ：技術部門　　オ：制限　　カ：準用　　キ：能力,1
31,ア：責務　　イ：安全　　ウ：義務　　エ：専門部門　　オ：制約　　カ：適用　　キ：能力,2
31,ア：義務　　イ：公益　　ウ：責務　　エ：技術部門　　オ：制約　　カ：適用　　キ：資質,3
31,ア：責務　　イ：安全　　ウ：義務　　エ：専門部門　　オ：制約　　カ：準用　　キ：資質,4
31,ア：義務　　イ：公益　　ウ：責務　　エ：技術部門　　オ：制限　　カ：準用　　キ：資質,5
32,技術者は、製品、技術および知的生産物に関して、その品質、信頼性、安全性、および環境保全に対する責任を有する。また、職務遂行においては常に公衆の安全、健康、福祉を最優先させる。,1
32,技術者は、研究・調査データの記録保存や厳正な取扱いを徹底し、ねつ造、改ざん、盗用などの不正行為をなさず、加担しない。ただし、顧客から要求があった場合は、要求に沿った多少のデータ修正を行ってもよい。,2
32,技術者は、人種、性、年齢、地位、所属、思想・宗教などによって個人を差別せず、個人の人権と人格を尊重する。,3
32,技術者は、不正行為を防止する公正なる環境の整備・維持も重要な責務であることを自覚し、技術者コミュニティおよび自らの所属組織の職務・研究環境を改善する取り組みに積極的に参加する。,4
32,技術者は、自己の専門知識と経験を生かして、将来を担う技術者・研究者の指導・育成に努める。,5
33,ア：○　　イ：○　　ウ：○　　エ：○,1
33,ア：○　　イ：○　　ウ：○　　エ：×,2
33,ア：○　　イ：○　　ウ：×　　エ：○,3
33,ア：○　　イ：×　　ウ：○　　エ：○,4
33,ア：×　　イ：○　　ウ：○　　エ：○,5
34,ア：○　　イ：○　　ウ：×　　エ：×,1
34,ア：○　　イ：×　　ウ：○　　エ：×,2
34,ア：×　　イ：×　　ウ：○　　エ：○,3
34,ア：×　　イ：○　　ウ：×　　エ：○,4
34,ア：○　　イ：×　　ウ：○　　エ：○,5
35,4,1
35,5,2
35,6,3
35,7,4
35,8,5
36,この法律は、製造物の欠陥により人の生命、身体又は財産に係る被害が生じた場合における製造業者等の損害賠償の責任について定めることにより、被害者の保護を図り、もって国民生活の安定向上と国民経済の健全な発展に寄与することを目的としている。,1
36,この法律において、製造物の欠陥に起因する損害についての賠償責任を製造業者等に対して追及するためには、製造業者等の故意あるいは過失の有無は関係なく、その欠陥と損害の間に相当因果関係が存在することを証明する必要がある。,2
36,この法律には「開発危険の抗弁」という免責事由に関する条項がある。これにより、当該製造物を引き渡した時点における科学・技術知識の水準で、欠陥があることを認識することが不可能であったことを製造事業者等が証明できれば免責される。,3
36,この法律に特段の定めがない製造物の欠陥による製造業者等の損害賠償の責任については、民法の規定が適用される。,4
36,この法律は、国際的に統一された共通の規定内容であるので、海外に製品を輸出、現地生産等の際には我が国のPL法の規定に基づけばよい。,5
37,ア：見積り　　イ：評価　　ウ：発生リスク　　エ：妥当性確認及び文書化,1
37,ア：同定　　　イ：評価　　ウ：発生リスク　　エ：合理性確認及び記録化,2
37,ア：見積り　　イ：検証　　ウ：残留リスク　　エ：妥当性確認及び記録化,3
37,ア：見積り　　イ：評価　　ウ：残留リスク　　エ：妥当性確認及び文書化,4
37,ア：同定　　　イ：検証　　ウ：発生リスク　　エ：合理性確認及び文書化,5
38,0,1
38,1,2
38,2,3
38,3,4
38,4,5
39,ア：×　　イ：○　　ウ：×　　エ：○,1
39,ア：×　　イ：×　　ウ：○　　エ：○,2
39,ア：○　　イ：×　　ウ：×　　エ：○,3
39,ア：○　　イ：○　　ウ：×　　エ：×,4
39,ア：×　　イ：○　　ウ：○　　エ：×,5
40,ア：○　　イ：○　　ウ：○　　エ：○,1
40,ア：×　　イ：○　　ウ：○　　エ：○,2
40,ア：○　　イ：×　　ウ：○　　エ：○,3
40,ア：○　　イ：○　　ウ：×　　エ：○,4
40,ア：○　　イ：○　　ウ：○　　エ：×,5
41,0,1
41,1,2
41,2,3
41,3,4
41,4,5
42,0,1
42,1,2
42,2,3
42,3,4
42,4,5
43,ア：○　　イ：○　　ウ：○　　エ：○,1
43,ア：○　　イ：○　　ウ：○　　エ：×,2
43,ア：○　　イ：○　　ウ：×　　エ：○,3
43,ア：○　　イ：×　　ウ：○　　エ：○,4
43,ア：×　　イ：○　　ウ：○　　エ：○,5
44,ア：○　　イ：○　　ウ：○　　エ：○,1
44,ア：○　　イ：○　　ウ：○　　エ：×,2
44,ア：○　　イ：○　　ウ：×　　エ：○,3
44,ア：○　　イ：×　　ウ：○　　エ：○,4
44,ア：×　　イ：○　　ウ：○　　エ：○,5
45,6,1
45,5,2
45,4,3
45,3,4
45,2,5
46,小売店の入り口のドアを、ショッピングカートやベビーカーを押していて手がふさがっている人でも通りやすいよう、自動ドアにした。,1
46,録音再生機器（オーディオプレーヤーなど）に、利用者がゆっくり聴きたい場合や速度を速めて聴きたい場合に対応できるよう、再生速度が変えられる機能を付けた。,2
46,駅構内の施設を案内する表示に、視覚的な複雑さを軽減し素早く効果的に情報が伝えられるよう、ピクトグラム（図記号）を付けた。,3
46,冷蔵庫の扉の取っ手を、子どもがいたずらしないよう、扉の上の方に付けた。,4
46,電子機器の取扱説明書を、個々の利用者の能力や好みに合うよう、大きな文字で印刷したり、点字や音声・映像で提供したりした。,5
47,C　＞　B　＞　E　＞　A　＞　D,1
47,C　＞　B　＞　A　＞　E　＞　D,2
47,C　＞　E　＞　B　＞　D　＞　A,3
47,E　＞　D　＞　A　＞　B　＞　C,4
47,E　＞　D　＞　C　＞　B　＞　A,5
48,ア：正　　イ：誤　　ウ：正　　エ：正,1
48,ア：正　　イ：正　　ウ：誤　　エ：誤,2
48,ア：正　　イ：正　　ウ：正　　エ：誤,3
48,ア：誤　　イ：正　　ウ：誤　　エ：正,4
48,ア：誤　　イ：誤　　ウ：正　　エ：正,5
49,\( \frac{A}{A - B} \),1
49,\( \frac{B}{A - B} \),2
49,\( \frac{A}{A + B} \),3
49,\( \frac{B}{A + B} \),4
49,\( \frac{A}{B} \),5
50,ア：正　　イ：誤　　ウ：正　　エ：正,1
50,ア：正　　イ：正　　ウ：誤　　エ：正,2
50,ア：誤　　イ：誤　　ウ：誤　　エ：正,3
50,ア：誤　　イ：正　　ウ：正　　エ：誤,4
50,ア：誤　　イ：正　　ウ：誤　　エ：誤,5
51,ア：誤　　イ：正　　ウ：正　　エ：正　　オ：誤,1
51,ア：正　　イ：誤　　ウ：正　　エ：誤　　オ：正,2
51,ア：誤　　イ：正　　ウ：誤　　エ：正　　オ：誤,3
51,ア：誤　　イ：誤　　ウ：正　　エ：誤　　オ：正,4
51,ア：正　　イ：誤　　ウ：誤　　エ：正　　オ：誤,5
52,公開鍵暗号方式では、暗号化に公開鍵を使用し、復号に秘密鍵を使用する。,1
52,公開鍵基盤の仕組みでは、ユーザとその秘密鍵の結びつきを証明するため、第三者機関である認証局がそれらデータに対するディジタル署名を発行する。,2
52,スマートフォンがウイルスに感染したという報告はないため、スマートフォンにおけるウイルス対策は考えなくてもよい。,3
52,ディジタル署名方式では、ディジタル署名の生成には公開鍵を使用し、その検証には秘密鍵を使用する。,4
52,現在、無線LANの利用においては、WEP（Wired Equivalent Privacy）方式を利用することが推奨されている。,5
53,\( \left(A+B\right)\cdot\overline{\left(A+B\right)} \),1
53,\( \left(A+B\right)\cdot\left(\overline{A}+\overline{B}\right) \),2
53,\( \left(A\cdot B\right)\cdot\left(\overline{A}\cdot \overline{B}\right) \),3
53,\( \left(A\cdot B\right)\cdot\overline{\left(A\cdot B\right)} \),4
53,\( \left(A+ B\right)+\left(\overline{A}+ \overline{B}\right) \),5
54,286秒,1
54,143秒,2
54,100秒,3
54,18秒,4
54,13秒,5
55,①,1
55,②,2
55,③,3
55,④,4
55,⑤,5
56,ABC÷＋DF−×,1
56,AB＋C÷DF−×,2
56,ABC÷＋D×F−,3
56,×＋A÷BC−DF,4
56,AB＋C÷D×F,5
57,ア：正　　イ：誤　　ウ：誤　　エ：誤,1
57,ア：正　　イ：正　　ウ：誤　　エ：正,2
57,ア：正　　イ：正　　ウ：正　　エ：誤,3
57,ア：正　　イ：誤　　ウ：正　　エ：誤,4
57,ア：誤　　イ：誤　　ウ：誤　　エ：正,5
58,7,1
58,"（0, 6, 1）",2
58,4,3
58,"（0, 1, 3）",4
58,"（4, 14, 7）",5
59,\(2f(0)\),1
59,\(f(-\sqrt{\frac{1}{3}}) + f(\sqrt{\frac{1}{3}})\),2
59,\(f(-1) + f(1)\),3
59,\(\frac{f(-\sqrt{\frac{3}{5}})}{2} + \frac{8f(0)}{9}\),4
59, \(\frac{f(-1)}{2} + f(0) + \frac{f(1)}{2}\),5
60,（ア）,1
60,（イ）,2
60,（ウ）,3
60,（ア）と（イ）,4
60,（ア）と（ウ）,5
61,2.0MPaの引張応力,1
61,4.0MPaの引張応力,2
61,4.0MPaの圧縮応力,3
61,8.0MPaの引張応力,4
61,8.0MPaの圧縮応力,5
62,\( 0 \),1
62,\( \frac{1}{2}ka^2 \),2
62,\( \frac{1}{2}ka^2-mga \),3
62,\( \frac{1}{2}k\left(\frac{mg}{k}+a\right)^2 \),4
62,\( \frac{1}{2}ka^2+mga \),5
63,"\( \left(\frac{\sqrt{3}a}{4},\frac{\sqrt{3}a}{4}\right) \)",1
63,"\( \left(\frac{a}{2},\frac{a}{2}\right) \)",2
63,"\( \left(\frac{a}{\sqrt{2}},\frac{a}{\sqrt{2}}\right) \)",3
63,"\( \left(\frac{3a}{4\pi},\frac{3a}{4\pi}\right) \)",4
63,"\( \left(\frac{4a}{3\pi},\frac{4a}{3\pi}\right) \)",5
64,ア：正　　イ：正　　ウ：誤　　エ：誤　　オ：誤,1
64,ア：正　　イ：正　　ウ：正　　エ：正　　オ：誤,2
64,ア：誤　　イ：誤　　ウ：正　　エ：正　　オ：正,3
64,ア：誤　　イ：正　　ウ：誤　　エ：正　　オ：正,4
64,ア：誤　　イ：誤　　ウ：正　　エ：誤　　オ：誤,5
65,\(2\text{Na} + 2\text{H}_2\text{O} \rightarrow 2\text{NaOH} + \text{H}_2\),1
65,\(\text{NaClO} + 2\text{HCl} \rightarrow \text{NaCl} + \text{H}_2\text{O} + \text{Cl}_2\),2
65,\(3\text{H}_2 + \text{N}_2 \rightarrow 2\text{NH}_3\),3
65,\(2\text{NaCl} + \text{CaCO}_3 \rightarrow \text{Na}_2\text{CO}_3 + \text{CaCl}_2\),4
65,\(\text{NH}_3 + \text{H}_2\text{O}_2 \rightarrow \text{HNO}_3 + \text{H}_2\text{O}\),5
66,ア：フック　　イ：ヤング率　　ウ：45　　エ：407　　オ：大きく,1
66,ア：フック　　イ：ヤング率　　ウ：45　　エ：407　　オ：小さく,2
66,ア：フック　　イ：ポアソン比　　ウ：407　　エ：45　　オ：小さく,3
66,ア：ブラッグ　　イ：ポアソン比　　ウ：407　　エ：45　　オ：大きく,4
66,ア：ブラッグ　　イ：ヤング率　　ウ：407　　エ：45　　オ：小さく,5
67,ア：アルミニウム　　イ：高炉　　ウ：還元　　エ：1429,1
67,ア：アルミニウム　　イ：電炉　　ウ：還元　　エ：2857,2
67,ア：アルミニウム　　イ：高炉　　ウ：酸化　　エ：2857,3
67,ア：銅　　イ：電炉　　ウ：酸化　　エ：2857,4
67,ア：銅　　イ：高炉　　ウ：還元　　エ：1429,5
68,ア：カルボキシ基　　イ：疎水　　ウ：硫黄（S）,1
68,ア：ヒドロキシ基　　イ：疎水　　ウ：硫黄（S）,2
68,ア：カルボキシ基　　イ：親水　　ウ：硫黄（S）,3
68,ア：カルボキシ基　　イ：親水　　ウ：窒素（N）,4
68,ア：ヒドロキシ基　　イ：親水　　ウ：窒素（N）,5
69,1塩基の置換により遺伝子の途中のコドンが終止コドンに変わると、タンパク質の合成がそこで終了するため、正常なタンパク質の合成ができなくなる。この遺伝子突然変異を中立突然変異という。,1
69,遺伝子に1塩基の挿入が起こると、その後のコドンの読み枠がずれるフレームシフトが起こるので、アミノ酸配列が大きく変わる可能性が高い。,2
69,鎌状赤血球貧血症は、1塩基の欠失により赤血球中のヘモグロビンの1つのアミノ酸がグルタミン酸からバリンに置換されたために生じた遺伝子突然変異である。,3
69,高等動植物において突然変異による形質が潜性（劣性）であった場合、突然変異による形質が発現するためには、2本の相同染色体上の特定遺伝子の片方に変異が起こればよい。,4
69,遺伝子突然変異はX線や紫外線、あるいは化学物質などの外界からの影響では起こりにくい。,5
70,RE100は、企業が自らの事業の使用電力を100％再生可能エネルギーで賄うことを目指す国際的なイニシアティブであり、2020年時点で日本を含めて各国の企業が参加している。,1
70,温室効果ガスであるフロン類については、オゾン層保護の観点から特定フロンから代替フロンへの転換が進められてきており、地球温暖化対策としても十分な効果を発揮している。,2
70,各国の中央銀行総裁及び財務大臣からなる金融安定理事会の作業部会である気候関連財務情報開示タスクフォース（TCFD）は、投資家等に適切な投資判断を促すため気候関連財務情報の開示を企業等へ促すことを目的としており、2020年時点において日本国内でも200以上の機関が賛同を表明している。,3
70,2050年までに温室効果ガス又は二酸化炭素の排出量を実質ゼロにすることを目指す旨を表明した地方自治体が増えており、これらの自治体を日本政府は「ゼロカーボンシティ」と位置付けている。,4
70,ZEH（ゼッチ）及びZEH-M（ゼッチ・マンション）とは、建物外皮の断熱性能等を大幅に向上させるとともに、高効率な設備システムの導入により、室内環境の質を維持しつつ大幅な省エネルギーを実現したうえで、再生可能エネルギーを導入することにより、一次エネルギー消費量の収支をゼロとすることを目指した戸建住宅やマンション等の集合住宅のことであり、政府はこれらの新築・改修を支援している。,5
71,ごみ焼却施設におけるダイオキシン類対策においては、炉内の温度管理や滞留時間確保等による完全燃焼、及びダイオキシン類の再合成を防ぐために排ガスを200°C以下に急冷するなどが有効である。,1
71,屋上緑化や壁面緑化は、建物表面温度の上昇を抑えることで気温上昇を抑制するとともに、居室内への熱の侵入を低減し、空調エネルギー消費を削減することができる。,2
71,産業廃棄物の管理型処分場では、環境保全対策として遮水工や浸出水処理設備を設けることなどが義務付けられている。,3
71,掘削せずに土壌の汚染物質を除去する「原位置浄化」技術には化学的作用や生物学的作用等を用いた様々な技術があるが、実際に土壌汚染対策法に基づいて実施された対策措置においては掘削除去の実績が多い状況である。,4
71,下水処理の工程は一次処理から三次処理に分類できるが、活性汚泥法などによる生物処理は一般的に一次処理に分類される。,5
72,ア：9　　イ：25　　ウ：3,1
72,ア：14　　イ：25　　ウ：3,2
72,ア：14　　イ：15　　ウ：3,3
72,ア：9　　イ：25　　ウ：2,4
72,ア：14　　イ：15　　ウ：2,5
73,ア：アメリカ及びカナダ　　イ：ドイツ及び日本　　ウ：韓国及びロシア,1
73,ア：アメリカ及びカナダ　　イ：韓国及びロシア　　ウ：ドイツ及び日本,2
73,ア：ドイツ及び日本　　イ：アメリカ及びカナダ　　ウ：韓国及びロシア,3
73,ア：韓国及びロシア　　イ：ドイツ及び日本　　　　ウ：アメリカ及びカナダ,4
73,ア：韓国及びロシア　　イ：アメリカ及びカナダ　　ウ：ドイツ及び日本,5
74,ア　→　オ　→　ウ　→　エ　→　イ,1
74,ウ　→　エ　→　オ　→　イ　→　ア,2
74,ウ　→　オ　→　ア　→　エ　→　イ,3
74,オ　→　ウ　→　エ　→　ア　→　イ,4
74,オ　→　エ　→　ウ　→　イ　→　ア,5
75,イ　→　ア　→　ウ　→　エ　→　オ,1
75,イ　→　ウ　→　ア　→　オ　→　エ,2
75,ウ　→　ア　→　イ　→　エ　→　オ,3
75,ウ　→　イ　→　ア　→　オ　→　エ,4
75,ウ　→　イ　→　エ　→　ア　→　オ,5
76,7,1
76,6,2
76,5,3
76,4,4
76,3,5
77,国家や社会を形成している一般の人々,1
77,背景などを異にする多数の組織されていない人々,2
77,専門職としての技術業についていない人々,3
77,よく知らされたうえでの同意を与えることができない人々,4
77,広い地域に散在しながらメディアを通じて世論を形成する人々,5
78,ア：○　　イ：○　　ウ：○　　エ：○,1
78,ア：×　　イ：○　　ウ：○　　エ：○,2
78,ア：○　　イ：×　　ウ：○　　エ：○,3
78,ア：○　　イ：○　　ウ：×　　エ：○,4
78,ア：○　　イ：○　　ウ：○　　エ：×,5
79,α大学の大学院生は、ドローンの輸出に関して学内手続をせずに、発送した。,1
79,α大学の大学院生は、ロボットのデモンストレーションを実施するためにA国β大学に輸出しようとするロボットに、リスト規制に該当する角速度・加速度センサーが内蔵されているため、学内手続の申請を行いセンサーが主要な要素になっていないことを確認した。その結果、規制に該当しないものと判断されたので、輸出を行った。,2
79,α大学の大学院生は、学会発表及びB国γ研究所と共同研究の可能性を探るための非公開の情報を用いた情報交換を実施することを目的とした外国出張の申請書を作成した。申請書の業務内容欄には「学会発表及び研究概要打合せ」と記載した。研究概要打合せは、輸出管理上の判定欄に「公知」と記載した。,3
79,α大学の大学院生は、C国において地質調査を実施する計画を立てており、「赤外線カメラ」をハンドキャリーする予定としていた。この大学院生は、過去に学会発表でC国に渡航した経験があるので、直前に海外渡航申請の提出をした。,4
79,α大学の大学院生は、自作した測定装置は大学の輸出管理の対象にならないと考え、輸出管理手続をせずに海外に持ち出すことにした。,5
80,ア：○　　イ：×　　ウ：○　　エ：○,1
80,ア：○　　イ：○　　ウ：○　　エ：×,2
80,ア：×　　イ：○　　ウ：×　　エ：○,3
80,ア：○　　イ：×　　ウ：○　　エ：×,4
80,ア：×　　イ：×　　ウ：○　　エ：○,5
81,0,1
81,1,2
81,2,3
81,3,4
81,4,5
82,ア：○　　イ：○　　ウ：○　　エ：×,1
82,ア：○　　イ：○　　ウ：×　　エ：○,2
82,ア：○　　イ：×　　ウ：○　　エ：○,3
82,ア：×　　イ：○　　ウ：○　　エ：○,4
82,ア：○　　イ：○　　ウ：○　　エ：○,5
83,ア：○　　イ：×　　ウ：○　　エ：○,1
83,ア：×　　イ：○　　ウ：○　　エ：×,2
83,ア：○　　イ：○　　ウ：×　　エ：○,3
83,ア：○　　イ：×　　ウ：○　　エ：×,4
83,ア：×　　イ：○　　ウ：×　　エ：○,5
84,0,1
84,1,2
84,2,3
84,3,4
84,4,5
85,1,1
85,2,2
85,3,3
85,4,4
85,5,5
86,ア：○　　イ：○　　ウ：○　　エ：○　　オ：○,1
86,ア：○　　イ：×　　ウ：○　　エ：×　　オ：○,2
86,ア：×　　イ：○　　ウ：○　　エ：○　　オ：×,3
86,ア：×　　イ：○　　ウ：×　　エ：○　　オ：×,4
86,ア：×　　イ：×　　ウ：×　　エ：×　　オ：○,5
87,3,1
87,4,2
87,5,3
87,6,4
87,7,5
88,特許権,1
88,実用新案,2
88,回路配置利用權,3
88,意匠権,4
88,商標権,5
89,ア：○　　イ：×　　ウ：×　　エ：×,1
89,ア：×　　イ：○　　ウ：×　　エ：×,2
89,ア：×　　イ：×　　ウ：○　　エ：×,3
89,ア：×　　イ：×　　ウ：×　　エ：○,4
89,ア：×　　イ：×　　ウ：×　　エ：×,5
90,ア：○　　イ：○　　ウ：○　　エ：○　　オ：○,1
90,ア：○　　イ：○　　ウ：○　　エ：○　　オ：×,2
90,ア：○　　イ：○　　ウ：○　　エ：×　　オ：×,3
90,ア：○　　イ：○　　ウ：×　　エ：×　　オ：×,4
90,ア：×　　イ：×　　ウ：×　　エ：×　　オ：×,5
91,ア：引張　　イ：材料の温度が高い状態　　ウ：小さい　　エ：大きく,1
91,ア：引張　　イ：材料の温度が高い状態　　ウ：大きい　　エ：小さく,2
91,ア：圧縮　　イ：材料の温度が高い状態　　ウ：小さい　　エ：大きく,3
91,ア：圧縮　　イ：引張強さが大きい材料　　ウ：小さい　　エ：大きい,4
91,ア：引張　　イ：引張強さが大きい材料　　ウ：小さく　　エ：大きく,5
92,1個のサイコロを振ったときに、1から6までのそれぞれの目が出る確率は、一様分布に従う。,1
92,大量生産される工業製品のなかで、不良品が発生する個数は、ポアソン分布に従うと近似できる。,2
92,災害が起こってから次に起こるまでの期間は、指数分布に従うと近似できる。,3
92,ある交差点における5年間の交通事故発生回数は、正規分布に従うと近似できる。,4
92,1枚のコインを5回投げたときに、表が出る回数は、二項分布に従う。,5
93,0.2％未満,1
93,0.2％以上1％未満,2
93,1％以上5％未満,3
93,5％以上10％未満,4
93,10％以上,5
94,2,1
94,2.5,2
94,3,3
94,3.5,4
94,4,5
95,ア：3乗　　イ：比例　　　ウ：4乗　　エ：3乗,1
95,ア：4乗　　イ：比例　　　ウ：3乗　　エ：2乗,2
95,ア：3乗　　イ：反比例　　ウ：4乗　　エ：2乗,3
95,ア：4乗　　イ：反比例　　ウ：3乗　　エ：3乗,4
95,ア：3乗　　イ：反比例　　ウ：4乗　　エ：3乗,5
96,ア,1
96,イ,2
96,ウ,3
96,エ,4
96,オ,5
97,Web会議サービスを利用する場合、意図しない参加者を会議へ参加させないためには、会議参加用のURLを参加者に対し安全な通信路を用いて送付すればよい。,1
97,各組織のネットワーク管理者は、テレワークで用いるVPN製品等の通信機器の脆弱性について、常に情報を収集することが求められている。,2
97,テレワーク環境では、オフィス勤務の場合と比較してフィッシング等の被害が発生する危険性が高まっている。,3
97,ソーシャルハッキングへの対策のため、第三者の出入りが多いカフェやレストラン等でのテレワーク業務は避ける。,4
97,テレワーク業務におけるインシデント発生時において、適切な連絡先が確認できない場合、被害の拡大につながるリスクがある。,5
98,8,1
98,4,2
98,2,3
98,1,4
98,0,5
99,7M ＋ 2H［秒］,1
99,6M ＋ 3H［秒］,2
99,5M ＋ 4H［秒］,3
99,4M ＋ 5H［秒］,4
99,3M ＋ 6H［秒］,5
100,ア：4　　イ：「0000010」,1
100,ア：5　　イ：「1100010」,2
100,ア：4　　イ：「1001010」,3
100,ア：5　　イ：「1000110」,4
100,ア：4　　イ：「1000011」,5
101,ア：12　　イ：25　　ウ：51　　エ：102,1
101,ア：13　　イ：26　　ウ：50　　エ：102,2
101,ア：13　　イ：26　　ウ：52　　エ：101,3
101,ア：13　　イ：25　　ウ：50　　エ：101,4
101,ア：12　　イ：25　　ウ：50　　エ：101,5
102, \( 2^4  \) 倍,1
102, \( 2^16  \) 倍,2
102, \( 2^32  \) 倍,3
102, \( 2^96  \) 倍,4
102, \( 2^128  \) 倍,5
103, \( \frac{f_{i+1}-f_i}{\Delta}  \),1
103, \( \frac{3f_i-4f_{i-1}+f_{i-2}}{\Delta}  \),2
103, \( \frac{f_{i+1}-f_{i-1}}{2\Delta}  \),3
103, \( \frac{f_{i+1}-2f_i+f_{i-1}}{\Delta^2}  \),4
103, \( \frac{f_i-f_{i-1}}{\Delta}  \),5
104,（a × b）・a ＝ 0,1
104,a × b ＝ b × a,2
104,a・b ＝ b・a,3
104,b・（a × b） ＝ 0,4
104,a × a ＝ 0,5
105,丸め誤差を小さくするために、計算機の浮動小数点演算を単精度から倍精度に変更した。,1
105,有限要素解析において、高次要素を用いて要素分割を行った。,2
105,有限要素解析において、できるだけゆがんだ要素ができないように要素分割を行った。,3
105,Newton法などの反復計算において、反復回数が多いので収束判定条件を緩和した。,4
105,有限要素解析において、解の変化が大きい領域の要素分割を細かくした。,5
106,1／2,1
106,1／√3,2
106,1,3
106,√3,4
106,2,5
107,\( \tau = I (\omega_2 - \omega_1) \),1
107,\( \tau = I (\omega_2 - \omega_1) \cdot T \),2
107,\( \tau = \frac{I (\omega_2 - \omega_1)}{T} \),3
107,\( \tau = \frac{I (\omega_2^2 - \omega_1^2)}{2} \),4
107,\( \tau = I (\omega_2^2 - \omega_1^2) \cdot T \),5
108,\( f_a : f_b = 1 : 1 \),1
108,\( f_a : f_b = 1 : \sqrt{2} \),2
108,\( f_a : f_b = 1 : 2 \),3
108,\( f_a : f_b = \sqrt{2} : 1 \),4
108,\( f_a : f_b = 2 : 1 \),5
109,酢酸は弱酸であり、炭酸の酸性度は酢酸より弱く、フェノールの酸性度は炭酸よりさらに弱い。,1
109,塩酸及び酢酸の0.1mol／L 水溶液は同一のpHを示す。,2
109,水酸化ナトリウム、水酸化カリウム、水酸化カルシウム、水酸化バリウムは水に溶けて強塩基性を示す。,3
109,炭酸カルシウムに希塩酸を加えると、二酸化炭素を発生する。,4
109,塩化アンモニウムと水酸化カルシウムの混合物を加熱すると、アンモニアを発生する。,5
110,\( H_2\underline{S} \),1
110,\( \underline{Mn} \),2
110,\( \underline{Mn}O_4^- \),3
110, \( \underline{N}H_3 \),4
110, \( H\underline{N}O_3 \),5
111,ア：レアメタル　　　イ：\( 4.5 \times 10^{-2} \)　　ウ：1.8,1
111,ア：ベースメタル　　イ：\( 4.5 \times 10^{-2} \)　　ウ：0.18,2
111,ア：レアメタル　　　イ：\( 4.5 \times 10^{-2} \)　　ウ：0.18,3
111,ア：ベースメタル　　イ：\( 8.9 \times 10^{-2} \)　　ウ：0.18,4
111,ア：レアメタル　　　イ：\( 8.9 \times 10^{-2} \)　　ウ：1.8,5
112,ア：変形前　　イ：公称応力　　ウ：公称ひずみ　　エ：弹性,1
112,ア：変形後　　イ：真応力　　　ウ：公称ひずみ　　エ：弹性,2
112,ア：変形前　　イ：公称応力　　ウ：真ひずみ　　　エ：塑性,3
112,ア：変形後　　イ：真応力　　　ウ：真ひずみ　　　エ：塑性,4
112,ア：変形前　　イ：公称応力　　ウ：公称ひずみ　　エ：塑性,5
113,酵素を構成するフェニルアラニン、ロイシン、バリン、トリプトファンなどの非極性アミノ酸の側鎖は、酵素の外表面に存在する傾向がある。,1
113,至適温度が20°C以下、あるいは100°C以上の酵素は存在しない。,2
113,酵素は、アミノ酸がペプチド結合によって結合したタンパク質を主成分とする無機触媒である。,3
113,酵素は、活性化エネルギーを増加させる触媒の働きを持っている。,4
113,リパーゼは、高級脂肪酸トリグリセリドのエステル結合を加水分解する酵素である。,5
114,同じ側の鎖では、シトシン（C）とチミン（T）の和が40％である。,1
114,同じ側の鎖では、グアニン（G）とシトシン（C）の和が90％である。,2
114,相補鎖では、チミン（T）が25％である。,3
114,相補鎖では、シトシン（C）とチミン（T）の和が50％である。,4
114,相補鎖では、グアニン（G）とアデニン（A）の和が60％である。,5
115,人間の影響が大気、海洋及び陸域を温暖化させてきたことには疑う余地がない。,1
115,2011〜2020年における世界平均気温は、工業化以前の状態の近似値とされる1850〜1900年の値よりも約3°C高かった。,2
115,気候変動による影響として、気象や気候の極端現象の増加、生物多様性の喪失、土地・森林の劣化、海洋の酸性化、海面水位上昇などが挙げられる。,3
115,気候変動に対する生態系及び人間の脆弱性は、社会経済的開発の形態などによって、地域間及び地域内で大幅に異なる。,4
115,世界全体の正味の人為的な温室効果ガス排出量について、2010〜2019年の期間の年間平均値は過去のどの10年の値よりも高かった。,5
116,一般廃棄物と産業廃棄物の近年の総排出量を比較すると、一般廃棄物の方が多くなっている。,1
116,特別管理産業廃棄物とは、産業廃棄物のうち、爆発性、毒性、感染性その他の人の健康又は生活環境に係る被害を生ずるおそれがあるものである。,2
116,バイオマスとは、生物由来の有機性資源のうち化石資源を除いたもので、廃棄物系バイオマスには、建設発生木材や食品廃棄物、下水汚泥などが含まれる。,3
116,RPFとは、廃棄物由来の紙、プラスチックなどを主原料とした固形燃料のことである。,4
116,2020年東京オリンピック競技大会・東京パラリンピック競技大会のメダルは、使用済小型家電由来の金属を用いて製作された。,5
117,ア：90　　イ：ホルムズ　　ウ：サウジアラビア　　エ：10,1
117,ア：90　　イ：マラッカ　　ウ：クウェート　　　　エ：32,2
117,ア：90　　イ：ホルムズ　　ウ：クウェート　　　　エ：10,3
117,ア：67　　イ：マラッカ　　ウ：クウェート　　　　エ：10,4
117,ア：67　　イ：ホルムズ　　ウ：サウジアラビア　　エ：32,5
118,ア：−162　　イ：1／600　　ウ：重量　　エ：吸熱,1
118,ア：−162　　イ：1／800　　ウ：重量　　エ：発熱,2
118,ア：−253　　イ：1／600　　ウ：体積　　エ：発熱,3
118,ア：−253　　イ：1／800　　ウ：体積　　エ：発熱,4
118,ア：−253　　イ：1／800　　ウ：重量　　エ：吸熱,5
119,リスク評価は、リスクの大きさを科学的に評価する作業であり、その結果とともに技術的可能性や費用対効果などを考慮してリスク管理が行われる。,1
119,レギュラトリーサイエンスは、リスク管理に関わる法や規制の社会的合意の形成を支援することを目的としており、科学技術と社会との調和を実現する上で重要である。,2
119,リスクコミュニケーションとは、リスクに関する、個人、機関、集団間での情報及び意見の相互交換である。,3
119,リスクコミュニケーションでは、科学的に評価されたリスクと人が認識するリスクの間に往々にして隔たりがあることを前提としている。,4
119,リスクコミュニケーションに当たっては、リスク情報の受信者を混乱させないために、リスク評価に至った過程の開示を避けることが重要である。,5
120,ア　→　エ　→　イ　→　オ　→　ウ,1
120,ア　→　エ　→　オ　→　イ　→　ウ,2
120,エ　→　ア　→　オ　→　イ　→　ウ,3
120,エ　→　オ　→　ア　→　ウ　→　イ,4
120,オ　→　エ　→　ア　→　ウ　→　イ,5
121,ア：×　　イ：○　　ウ：×　　エ：×　　オ：○　　カ：×　　キ：○,1
121,ア：×　　イ：×　　ウ：×　　エ：○　　オ：×　　カ：○　　キ：×,2
121,ア：○　　イ：×　　ウ：○　　エ：×　　オ：○　　カ：×　　キ：○,3
121,ア：×　　イ：○　　ウ：×　　エ：○　　オ：×　　カ：×　　キ：×,4
121,ア：○　　イ：×　　ウ：×　　エ：○　　オ：×　　カ：○　　キ：×,5
122,計画　→　点検　→　実施　→　処置　→　計画（以降、繰り返す）,1
122,計画　→　点検　→　処置　→　実施　→　計画（以降、繰り返す）,2
122,計画　→　実施　→　処置　→　点検　→　計画（以降、繰り返す）,3
122,計画　→　実施　→　点検　→　処置　→　計画（以降、繰り返す）,4
122,計画　→　処置　→　点検　→　実施　→　計画（以降、繰り返す）,5
123,透明性,1
123,法の支配の尊重,2
123,技術の継承,3
123,説明責任,4
123,ステークホルダーの利害の尊重,5
124,ア：狩猟　　イ：農耕　　ウ：社会　　エ：人間　　オ：持続可能,1
124,ア：農耕　　イ：狩猟　　ウ：社会　　エ：人間　　オ：持続可能,2
124,ア：狩猟　　イ：農耕　　ウ：社会　　エ：人間　　オ：即応,3
124,ア：農耕　　イ：狩猟　　ウ：技術　　エ：自然　　オ：即応,4
124,ア：狩猟　　イ：農耕　　ウ：技術　　エ：自然　　オ：即応,5
125,1,1
125,2,2
125,3,3
125,4,4
125,5,5
126,リスク低減反復プロセスでは、評価したリスクが許容可能なレベルとなるまで反復し、その許容可能と評価した最終的な「残留リスク」については、妥当性を確認し文書化する。,1
126,リスク低減とリスク評価に関して、「ALARP」の原理がある。「ALARP」とは、「合理的に実行可能な最低の」を意味する。,2
126,「ALARP」が適用されるリスク水準領域において、評価するリスクについては、合理的に実行可能な限り低減するか、又は合理的に実行可能な最低の水準まで低減することが要求される。,3
126,「ALARP」の適用に当たっては、当該リスクについてリスク低減をさらに行うことが実際的に不可能な場合、又は費用に比べて改善効果が甚だしく不釣合いな場合だけ、そのリスクは許容可能となる。,4
126,リスク低減方策のうち、設計段階においては、本質的安全設計、ガード及び保護装置、最終使用者のための使用上の情報の3方策があるが、これらの方策には優先順位はない。,5
127,ア：最大幸福　　イ：多数派の権利　　ウ：自分の望むことを人にせよ　　エ：身分,1
127,ア：最大利潤　　イ：個人の権利　　　ウ：人が望むことを自分にせよ　　エ：健康,2
127,ア：最大幸福　　イ：個人の権利　　　ウ：自分の望むことを人にせよ　　エ：健康,3
127,ア：最大利潤　　イ：多数派の権利　　ウ：人が望むことを自分にせよ　　エ：健康,4
127,ア：最大幸福　　イ：個人の権利　　　ウ：人が望むことを自分にせよ　　エ：身分,5
128,0,1
128,1,2
128,2,3
128,3,4
128,4,5
129,ア：○　　イ：×　　ウ：○　　エ：○　　オ：○,1
129,ア：○　　イ：○　　ウ：×　　エ：○　　オ：○,2
129,ア：○　　イ：○　　ウ：○　　エ：×　　オ：○,3
129,ア：○　　イ：○　　ウ：○　　エ：○　　オ：×,4
129,ア：○　　イ：○　　ウ：○　　エ：○　　オ：○,5
130,ア：○　　イ：○　　ウ：○　　エ：○,1
130,ア：×　　イ：○　　ウ：×　　エ：○,2
130,ア：○　　イ：×　　ウ：○　　エ：×,3
130,ア：○　　イ：○　　ウ：×　　エ：×,4
130,ア：○　　イ：×　　ウ：○　　エ：○,5
131,1,1
131,2,2
131,3,3
131,4,4
131,5,5
132,ア：○　　イ：×　　ウ：○　　エ：○,1
132,ア：○　　イ：○　　ウ：○　　エ：×,2
132,ア：×　　イ：○　　ウ：×　　エ：○,3
132,ア：○　　イ：×　　ウ：×　　エ：○,4
132,ア：×　　イ：○　　ウ：×　　エ：×,5
133,ア：×　　イ：○　　ウ：○　　エ：×　　オ：○,1
133,ア：×　　イ：×　　ウ：○　　エ：○　　オ：○,2
133,ア：○　　イ：×　　ウ：○　　エ：○　　オ：○,3
133,ア：○　　イ：○　　ウ：×　　エ：○　　オ：×,4
133,ア：○　　イ：○　　ウ：×　　エ：○　　オ：○,5
134,ア：×　　イ：×　　ウ：○　　エ：○　　オ：○　　カ：○　　キ：○,1
134,ア：×　　イ：○　　ウ：×　　エ：○　　オ：×　　カ：○　　キ：×,2
134,ア：×　　イ：○　　ウ：○　　エ：○　　オ：○　　カ：○　　キ：×,3
134,ア：○　　イ：×　　ウ：○　　エ：×　　オ：○　　カ：×　　キ：○,4
134,ア：×　　イ：○　　ウ：○　　エ：○　　オ：○　　カ：×　　キ：×,5
135,ア：○　　イ：○　　ウ：○　　エ：○,1
135,ア：×　　イ：○　　ウ：×　　エ：○,2
135,ア：○　　イ：×　　ウ：○　　エ：○,3
135,ア：○　　イ：×　　ウ：○　　エ：×,4
135,ア：○　　イ：○　　ウ：○　　エ：×,5
136,（ア）強度を密度        （イ）CFRP        （ウ）2,1
136,（ア）密度を強度	（イ）CFRP	（ウ）10,2
136,（ア）密度を強度        （イ）鉄鋼        （ウ）2,3
136,（ア）強度を密度	（イ）鉄鋼	（ウ）2,4
136,（ア）強度を密度	（イ）CFRP	（ウ）10,5
137,（ア）大　（イ）下回る　（ウ）ねじれ　（エ）共振,1
137,（ア）小　（イ）越す　（ウ）ねじれ　（エ）座屈,2
137,（ア）大　（イ）越す　（ウ）曲げ　（エ）共振,3
137,（ア）小　（イ）越す　（ウ）曲げ　（エ）座屈,4
137,（ア）小　（イ）下回る　（ウ）曲げ　（エ）共振,5
138,（ア）ひずみ　（イ）弹性　（ウ）延性　（エ）疲労限度,1
138,（ア）伸び　（イ）塑性　（ウ）弹性　（エ）引張強さ,2
138,（ア）伸び　（イ）弹性　（ウ）塑性　（エ）引張強さ,3
138,（ア）伸び　（イ）弹性　（ウ）延性　（エ）疲労限度,4
138,（ア）ひずみ　（イ）塑性　（ウ）塑性　（エ）引張強さ,5
139,0.9以上1.0以下,1
139,0.85以上0.9未満,2
139,0.8以上0.85未満,3
139,0.75以上0.8未満,4
139,0.7以上0.75未満,5
140,（ア）フェールセーフ　（イ）フェールソフト　（ウ）フールプルーフ　（エ）フォールトトレランス,1
140,（ア）フェールセーフ　（イ）フェールソフト　（ウ）フールプルーフ　（エ）フォールトマスキング,2
140,（ア）フェールセーフ　（イ）フォールトトレランス　（ウ）フールプルーフ　（エ）フォールトマスキング,3
140,（ア）フールプルーフ　（イ）フォールトトレランス　（ウ）フェールソフト　（エ）フォールトマスキング,4
140,（ア）フールプルーフ　（イ）フェールセーフ　（ウ）フェールソフト　（エ）フォールトトレランス,5
141,相関係数は、つねに -1 < r < 1 の範囲にある。,1
141, 相関係数が0から1に近づくほど、散布図上において2つのデータは直線関係になる。,2
141,相関係数が0であれば、2つのデータは互いに独立である。,3
141,回帰分析における決定係数は、相関係数の絶対値である。,4
141,相関係数の絶対値の大きさに応じて、2つのデータの間の因果関係は変わる。,5
142,利用サービスによってはパスワードの定期的な変更を求められることがあるが、十分に複雑で使い回しのないパスワードを設定したうえで、パスワードの流出などの明らかに危険な事案がなければ、基本的にパスワードを変更する必要はない。,1
142,PINコードとは4〜6桁の数字からなるパスワードの一種であるが、総当たり攻撃で破られやすいので使うべきではない。,2
142,指紋、虹彩、静脈などの本人の生体の一部を用いた生体認証は、個人に固有の情報が用いられているので、認証時に本人がいなければ、認証は成功しない。,3
142,二段階認証であって一要素認証である場合と、一段階認証で二要素認証である場合、前者の方が後者より安全である。,4
142,接続する古い無線LANアクセスルータであってもWEPをサポートしているのであれば、買い換えるまではそれを使えば安全である。,5
143,（ア）R=0　（イ）R≠0　（ウ）A,1
143,（ア）R≠0　（イ）R=0　（ウ）A,2
143,（ア）R=0　（イ）R≠0　（ウ）B,3
143,（ア）R≠0　（イ）R=0　（ウ）B,4
143,（ア）R≠0　（イ）R=0　（ウ）R,5
144,1,1
144,3,2
144,5,3
144,7,4
144,9,5
145,データ圧縮では、情報源に関する知識（記号の生起確率など）が必要であり、情報源の知識がない場合はデータ圧縮することはできない。,1
145,可逆圧縮には限界があり、どのような方式であっても、その限界を超えて圧縮することはできない。,2
145,復号化によって元の情報に完全には戻らず、情報の欠落を伴う圧縮は非可逆圧縮と呼ばれ、音声や映像等の圧縮に使われることが多い。,3
145, 復号化によって元の情報を完全に復号でき、情報の欠落がない圧縮は可逆圧縮と呼ばれテキストデータ等の圧縮に使われることが多い。,4
145,静止画に対する代表的な圧縮方式としてJPEGがあり、動画に対する代表的な圧縮方式としてMPEGがある。,5
146,\( 00000000 \),1
146,\( 11111111 \),2
146,\( 10101101 \),3
146,\( 01011101 \),4
146,\( 11110000 \),5
147,600,1
147,720,2
147,730,3
147,890,4
147,1000,5
148,\[ \begin{bmatrix} 1 & 0 & 0 \\ -a & 1 & 0 \\ ac+b & -c & 1 \end{bmatrix} \],1
148,"\[ \begin{bmatrix} 1 & 0 & 0 \\ a & 1 & 0 \\ ac-b & c & 1 \end{bmatrix} \]",2
148,\[ \begin{bmatrix} 1 & c & b \\ 0 & 1 & a \\ 0 & 0 & 1 \end{bmatrix} \],3
148,\[ \begin{bmatrix} 1 & 0 & 0 \\ -a & 1 & 0 \\ ac-b & -c & 1 \end{bmatrix} \],4
148,\[ \begin{bmatrix} 1 & 0 & 0 \\ a & 1 & 0 \\ ac+b & c & 1 \end{bmatrix} \],5
149,\( \frac{\pi}{3} \),1
149,\( \frac{1}{3} \),2
149,\( \frac{\pi}{2} \),3
149,\( \frac{\pi}{4} \),4
149,\( \frac{1}{4} \),5
150,複数の式が数学的に等価である場合は、どの式を用いて計算しても結果は等しくなる。,1
150,絶対値が近い2数の加減算では有効桁数が失われる桁落ち誤差を生じることがある。,2
150,絶対値の極端に離れる2数の加減算では情報が失われる情報落ちが生じることがある。,3
150,連立方程式の解は、係数行列の逆行列を必ずしも計算しなくても求めることができる。,4
150,有限要素法において要素分割を細かくすると一般的に近似誤差は小さくなる。,5
151,0.010[mm],1
151,0.020[mm],2
151,0.050[mm],3
151,0.10[mm],4
151,0.20[mm],5
152,\( \tau = \frac{1}{n^2} \times I \times \frac{\omega_2 - \omega_1}{T} \),1
152,\( \tau = \frac{1}{n} \times I \times \frac{\omega_2 - \omega_1}{T} \),2
152,\( \tau = I \times \frac{\omega_2 - \omega_1}{T} \),3
152,\( \tau = n \times I \times \frac{\omega_2 - \omega_1}{T} \),4
152,\( \tau = n^2 \times I \times \frac{\omega_2 - \omega_1}{T} \),5
153,Ra < Rb < Rc,1
153,Ra < Rc < Rc,2
153,Rc < Ra < Rb,3
153,Rc < Rb < Ra,4
153,Rb < Ra < Rc,5
154,\( _{20}^{40}\textrm{Ca} \) と \( _{18}^{40}\textrm{Ar} \) の中性子の数は等しい。,1
154,\( _{17}^{35}\textrm{Cl} \) と \( _{17}^{37}\textrm{Cl} \) の中性子の数は等しい。,2
154,\( _{17}^{35}\textrm{Cl} \) と \( _{17}^{37}\textrm{Cl} \) の電子の数は等しい。,3
154,\( _{20}^{40}\textrm{Ca} \) と \( _{18}^{40}\textrm{Ar} \) は互いに同位体である。,4
154,\( _{17}^{35}\textrm{Cl} \) と \( _{17}^{37}\textrm{Cl} \) は互いに同素体である。,5
155,コロイド溶液に少量の電解質を加えると、疎水コロイドの粒子が集合して沈殿する現象を凝析という。,1
155,半透膜を用いてコロイド粒子と小さい分子を分離する操作を透析という。,2
155,コロイド溶液に強い光線をあてたとき、光の通路が明るく見える現象をチンダル現象という。,3
155,コロイド溶液に直流電圧をかけたとき、電荷を持ったコロイド粒子が移動する現象を電気泳動という。,4
155,流動性のない固体状態のコロイドをゾルという。,5
156,（ア）体心立方	（イ）強磁性	（ウ）コバルト	（エ）膨張,1
156,（ア）面心立方	（イ）強磁性	（ウ）クロム	（エ）膨張,2
156,（ア）体心立方	（イ）強磁性	（ウ）コバルト	（エ）収縮,3
156,（ア）面心立方	（イ）常磁性	（ウ）クロム	（エ）収縮,4
156,（ア）体心立方	（イ）常磁性	（ウ）コバルト	（エ）膨張,5
157,アルミニウムは表面に酸化物皮膜を形成することで不動態化する。,1
157,耐食性の良いステンレス鋼は、鉄に銅を5%以上含有させた合金鋼と定義される。,2
157,腐食の速度は、材料の使用環境温度には依存しない。,3
157, 腐食は、局所的に生じることはなく、全体で均一に生じる。,4
157,腐食とは、力学的作用によって表面が逐次減量する現象である。,5
158,（ア）グルコース　（イ）イオン　（ウ）酵素　（エ）デンプン,1
158,（ア）グルコース　（イ）ペプチド　（ウ）抗体　（エ）セルロース,2
158,（ア）アミノ酸　（イ）ペプチド　（ウ）酵素　（エ）デンプン,3
158,（ア）アミノ酸　（イ）ペプチド　（ウ）抗体　（エ）セルロース,4
158,（ア）アミノ酸　（イ）イオン　（ウ）酵素　（エ）デンプン,5
159,アニーリング温度を上げすぎると、1本鎖DNAに対するプライマーの非特異的なアニーリングが起こりやすくなる。,1
159,伸長反応の時間は増幅したい配列の長さによって変える必要があり、増幅したい配列が長くなるにつれて伸長反応時間は短くする。,2
159, PCR法により増幅したDNAには、プライマーの塩基配列は含まれない。,3
159,耐熱性の低いDNAポリメラーゼが、PCR法に適している。,4
159,DNAの熱変性では、2本鎖DNAの水素結合を切断して1本鎖DNAに解離させるために加熱を行う。,5
160,我が国に生息・生育する生物種は固有種の比率が高いことが特徴で、爬虫類の約6割、両生類の約8割が固有種となっている。,1
160,高度経済成長期以降、急速で規模の大きな開発・改変によって、自然性の高い森林、草原、農地、湿原、干潟等の規模や質が著しく縮小したが、近年では大規模な開発・改変による生物多様性への圧力は低下している。,2
160,里地里山は、奥山自然地域と都市地域との中間に位置し、生物多様性保全上重要な地域であるが、農地、水路・ため池、農用林などの利用拡大等により、里地里山を構成する野生生物の生息・生育地が減少した。,3
160,国外や国内の他の地域から導入された生物が、地域固有の生物相や生態系を改変し、在来種に大きな影響を与えている。,4
160,温暖な気候に生育するタケ類の分布の北上や、南方系チョウ類の個体数増加及び分布域の北上が確認されている。,5
161,二酸化硫黄は、硫黄分を含む石炭や石油などの燃焼によって生じ、呼吸器疾患や酸性雨の原因となる。,1
161,二酸化窒素は、物質の燃焼時に発生する一酸化窒素が、大気中で酸化されて生成される物質で、呼吸器疾患の原因となる。,2
161,一酸化炭素は、有機物の不完全燃焼によって発生し、血液中のヘモグロビンと結合することで酸素運搬機能を阻害する。,3
161,光化学オキシダントは、工場や自動車から排出される窒素酸化物や揮発性有機化合物などが、太陽光により光化学反応を起こして生成される酸化性物質の総称である。,4
161,PM2.5は、粒径10μm以下の浮遊粒子状物質のうち、肺胞に最も付着しやすい粒径2.5μm付近の大きさを有するものである。,5
162,日本の太陽光発電導入量、太陽電池の国内出荷量に占める国内生産品の割合は、いずれも2009年度以降2020年度まで毎年拡大している。,1
162,2020年度の日本の原油輸入の中東依存度は90%を上回り、諸外国と比べて高い水準にあり、特に輸入量が多い上位2か国はサウジアラビアとアラブ首長国連邦である。,2
162,2020年度の日本に対するLNGの輸入供給源は、中東以外の地域が80%以上を占めており、特に2012年度から豪州が最大のLNG輸入先となっている。,3
162,2020年末時点での日本の風力発電の導入量は4百万kWを上回り、再エネの中でも相対的にコストの低い風力発電の導入を推進するため、電力会社の系統受入容量の拡大などの対策が行われている。,4
162,環境適合性に優れ、安定的な発電が可能なベースロード電源である地熱発電は、日本が世界第3位の資源量を有する電源として注目を集めている。,5
163,1/400,1
163,1/600,2
163,1/800,3
163,1/1000,4
163,1/1200,5
164,ウーエーオーアーイ,1
164,ウーオーエーアーイ,2
164,エーウーオーイーア,3
164,エーオーウーイーア,4
164,オーウーアーエーイ,5
165,望遠鏡が発明されたのちに土星の環が確認された。,1
165,量子力学が誕生したのちにトランジスターが発明された。,2
165,電磁波の存在が確認されたのちにレーダーが開発された。,3
165,原子核分裂が発見されたのちに原子力発電の利用が始まった。,4
165,ウイルスが発見されたのちにワクチン接種が始まった。,5
166,（ア）〇　（イ）✕　（ウ）〇　（エ）✕,1
166,（ア）〇　（イ）〇　（ウ）✕　（エ）✕,2
166,（ア）✕　（イ）〇　（ウ）✕　（エ）✕,3
166,（ア）✕　（イ）✕　（ウ）〇　（エ）〇,4
166,（ア）✕　（イ）✕　（ウ）〇　（エ）✕,5
167,社内規定等において、秘密情報の分類ごとに、アクセス権の設定に関するルールを明確にしたうえで、当該ルールに基づき、適切にアクセス権の範囲を設定する。,1
167,社内の規定に基づいて、秘密情報が記録された媒体等（書類、書類を綴じたファイル、USBメモリ、電子メール等）に、自社の秘密情報であることが分かるように表示する。,2
167,秘密情報を取り扱う作業については、複数人での作業を避け、可能な限り単独作業で実施する。,3
167,電子化された秘密情報について、印刷、コピー&ペースト、ドラッグ&ドロップ、USBメモリへの書込みができない設定としたり、コピーガード付きのUSBメモリやCD-R等に保存する。,4
167,従業員同士で互いの業務態度が目に入ったり、背後から上司等の目につきやすくするような座席配置としたり、秘密情報が記録された資料が保管された書棚等が従業員等からの死角とならないようにレイアウトを工夫する。,5
168,通報の対象となる法律は、すべての法律が対象ではなく、「国民の生命、身体、財産その他の利益の保護に関わる法律」として公益通報者保護法や政令で定められている。,1
168,公務員は、国家公務員法、地方公務員法が適用されるため、通報の主体の適用範囲からは除外されている。,2
168,公益通報者が労働者の場合、公益通報をしたことを理由として事業者が公益通報者に対して行った解雇は無効となり、不利益な取り扱いをすることも禁止されている。,3
168,不利益な取扱いとは、降格、減給、自宅待機命令、給与上の差別、退職の強要、専ら雑務に従事させること、退職金の減額没収等が該当する。,4
168,事業者は、公益通報によって損害を受けたことを理由として、公益通報者に対して賠償を請求することはできない。,5
169,（ア）〇　（イ）〇　（ウ）〇　（エ）〇　（オ）〇,1
169,（ア）〇　（イ）〇　（ウ）〇　（エ）〇　（オ）✕,2
169,（ア）〇　（イ）〇　（ウ）〇　（エ）✕　（オ）〇,3
169,（ア）〇　（イ）〇　（ウ）✕　（エ）〇　（オ）〇,4
169,（ア）〇　（イ）✕　（ウ）〇　（エ）〇　（オ）〇,5
170,0,1
170,1,2
170,2,3
170,3,4
170,4,5
171,（ア）〇　（イ）✕　（ウ）〇　（エ）〇　（オ）✕,1
171,（ア）〇　（イ）〇　（ウ）✕　（エ）✕　（オ）〇,2
171,（ア）✕　（イ）〇　（ウ）〇　（エ）〇　（オ）✕,3
171,（ア）✕　（イ）✕　（ウ）〇　（エ）〇　（オ）✕,4
171,（ア）✕　（イ）✕　（ウ）✕　（エ）✕　（オ）〇,5
172,（ア）✕　（イ）〇　（ウ）〇　（エ）〇,1
172,（ア）〇　（イ）✕　（ウ）〇　（エ）〇,2
172,（ア）〇　（イ）〇　（ウ）✕　（エ）〇,3
172,（ア）〇　（イ）〇　（ウ）〇　（エ）✕,4
172,（ア）〇　（イ）〇　（ウ）〇　（エ）〇,5
173,（ア）分析	（イ）評価	（ウ）対応	（エ）管理,1
173,（ア）特定	（イ）分析	（ウ）評価	（エ）対応,2
173,（ア）特定	（イ）評価	（ウ）対応	（エ）管理,3
173,（ア）分析	（イ）特定	（ウ）評価	（エ）対応,4
173,（ア）分析	（イ）評価	（ウ）特定	（エ）管理,5
174,2000年、大手乳業企業の低脂肪乳による集団食中毒事件；原因は、脱脂粉乳工場での停電復旧後の不適切な処置であった。初期の一部消費者からの苦情に対し、全消費者への速やかな情報開示がされず、結果として製品回収が遅れ被害が拡大した。組織として経営トップの危機管理の甘さがあり、経営トップの責任体制、リーダーシップの欠如などが指摘された。,1
174,2004年、六本木高層商業ビルでの回転ドアの事故；原因は、人（事故は幼児）の挟まれに対する安全制御装置（検知と非常停止）の不適切な設計とその運用管理の不備であった。設計段階において、高層ビルに適した機能追加やデザイン性を優先し、海外オリジナルの軽量設計を軽視して制御安全に頼る設計としていたことなどが指摘された。,2
174,2005年、JR西日本福知山線の列車の脱線転覆事故；原因は、自動列車停止装置（ATS）が未設置の急カーブ侵入部において、制限速度を大きく超え、ブレーキが遅れたことであった。組織全体で安全を確保する仕組みが構築できていなかった背景として、会社全体で安全最優先の風土が構築できておらず、特に経営層において安全最優先の認識と行動が不十分であったことが指摘された。,3
174,2006年、東京都の都営アパートにおける海外メーカ社製のエレベータ事故；原因は、保守点検整備を実施した会社が原設計や保守ノウハウを十分に理解していなかったことであった。その結果ゴンドラのケーブルが破断し落下したものである。,4
174,2012年、中央自動車道笹子トンネルの天井崩落事故；原因は、トンネル給排気ダクト用天井のアンカーボルト部の劣化脱落である。建設当時の設計、施工に関する技術不足があり、またその後の保守点検（維持管理）も不十分であった。この事故は、日本国内全体の社会インフラの老朽化と適切な維持管理に対する本格的な取組の契機となった。,5
175,（ア）〇 （イ）〇 （ウ）〇 （エ）〇,1
175,（ア）✕ （イ）〇 （ウ）〇 （エ）〇,2
175,（ア）〇 （イ）✕ （ウ）〇 （エ）〇,3
175,（ア）〇 （イ）〇 （ウ）✕ （エ）〇,4
175,（ア）〇 （イ）〇 （ウ）〇 （エ）✕,5
176,（ア）普遍化可能性 （イ）危害 （ウ）世評 （エ）美徳,1
176,（ア）普遍化可能性 （イ）可逆性 （ウ）美徳 （エ）世評,2
176,（ア）普遍化可能性 （イ）可逆性 （ウ）世評 （エ）常識,3
176,（ア）常識 （イ）普遍化可能性 （ウ）美徳 （エ）世評,4
176,（ア）常識 （イ）危害 （ウ）世評 （エ）普遍化可能性,5
177,リスト規制とは、武器並びに大量破壊兵器及び通常兵器の開発等に用いられるおそれの高いものを法令等でリスト化して、そのリストに該当する貨物や技術を輸出や提供する場合には、経済産業大臣の許可が必要となる制度である。,1
177,キャッチオール規制とは、リスト規制に該当しない貨物や技術であっても、大量破壊兵器等や通常兵器の開発等に用いられるおそれのある場合には、経済産業大臣の許可が必要となる制度である。,2
177,外為法における「技術」とは、貨物の設計、製造又は使用に必要な特定の情報をいい、この情報は、技術データ又は技術支援の形態で提供され、許可が必要な取引の対象となる技術は、外国為替令別表にて定められている。,3
177,技術提供の場が日本国内であれば、国内非居住者に技術提供する場合でも、提供する技術が外国為替令別表で規定されているかを確認する必要はない。,4
177,国際特許の出願をするために外国の特許事務所に出願内容の技術情報を提供する場合、出願をするための必要最小限の技術提供であれば、許可申請は不要である。,5
178,予算管理,1
178,体制の構築,2
178,新技術の開発・導入,3
178,情報基盤の整備と活用,4
178,技術継承の取組,5
179, 「安全」を達成するためには、リスクアセスメント及びリスク低減の反復プロセスが必須である。許容可能と評価された最終的な「残留リスク」については、その妥当性を確認し、その内容については文書化する必要がある。,1
179,リスク低減とリスク評価の考え方として、「ALARP」の原理がある。この原理では、あらゆるリスクは合理的に実行可能な限り軽減するか、又は合理的に実行可能な最低の水準まで軽減することが要求される。,2
179,「ALARP」の適用に当たっては、当該リスクについてリスク軽減を更に行うことが実際的に不可能な場合、又はリスク軽減費用が製品原価として当初計画した事業予算に収まらない場合にだけ、そのリスクは許容可能である。,3
179,設計段階のリスク低減方策はスリーステップメソッドと呼ばれる。そのうちのステップ1は「本質的安全設計」であり、リスク低減のプロセスにおける、最初で、かつ最も重要なプロセスである。,4
179,警告は、製品そのもの及び／又はその包装に表示し、明白で、読みやすく、容易に消えなく、かつ理解しやすいもので、簡潔で明確に分かりやすい文章とすることが望ましい。,5
180,騒音,1
180,地盤の沈下,2
180,廃棄物投棄,3
180,悪臭,4
180,振動,5